age_group,average_charge
"Under 30",9182.487125153473
30-50,13253.933465840704
"Over 50",18084.98722294943
