bmi_category,average_charge
Overweight,10993.994037132627
Obese,15479.549772628647
Normal,10379.499732162163
Underweight,8852.200585000002
