region,average_charge
southwest,12346.93737729231
southeast,14735.411437609895
northwest,12417.575373969228
northeast,13406.3845163858
