smoker,bmi_category,average_charge
yes,Overweight,22379.03406305556
no,Obese,8829.516650681811
no,Normal,7599.638130639536
no,Overweight,8306.378031013113
yes,Obese,41355.86913149662
no,Underweight,5532.992453333334
yes,Normal,19942.2236414
yes,Underweight,18809.824979999998
